Name,Release Date,Platforms
"The King's Bird",8/23/2018,PC (Windows)
Halo 3,7/6/2010,"Microsoft Xbox 360, Microsoft Xbox One, Microsoft Xbox Series"
RACE 07 - Formula RaceRoom Add-On,,PC (Windows)
Day of the Tentacle Remastered,10/29/2020,"Microsoft Xbox One, Microsoft Xbox Series, PC (Windows)"
Syberia II,3/30/2004,PC (Windows)
DJ Hero,8/17/2009,Microsoft Xbox 360
Worlds of Ultima : The Savage Empire,12/31/1990,PC (Windows)
A Space for the Unbound - Prologue,1/19/2023,PC (Windows)
Iratus,4/23/2020,PC (Windows)
Offspring Fling,,
The Metronomicon,9/29/2016,PC (Windows)
Bejeweled 2,9/6/2011,"Microsoft Xbox 360, Microsoft Xbox One, Microsoft Xbox Series"
ShareX,,PC (Windows)
Trials HD,6/21/2010,"Microsoft Xbox 360, Microsoft Xbox One, Microsoft Xbox Series"
Jill of the Jungle: The Complete Trilogy,12/31/1993,PC (Windows)
Geneforge 1: Mutagen,2/24/2021,PC (Windows)
Pixel Puzzles Ultimate,9/9/2016,PC (Windows)
Dungeon Defenders,12/15/2010,PC (Windows)
"Viscera Cleanup Detail: Santa's Rampage",12/13/2013,PC (Windows)
Need for Speed SHIFT,3/18/2010,Microsoft Xbox 360
Grand Theft Auto V,9/17/2013,PC (Windows)
Frozen Cortex,12/31/2014,PC (Windows)
Rocket League,7/6/2015,PC (Windows)
Ultima 4: Quest of the Avatar,11/1/1985,PC (Windows)
Treasure Adventure Game,11/26/2011,PC (Windows)
Gang Beasts,3/27/2019,"Microsoft Xbox One, Microsoft Xbox Series, PC (Windows)"
Turnip Boy Commits Tax Evasion,4/22/2021,PC (Windows)
INSIDE,6/29/2016,"Microsoft Xbox One, Microsoft Xbox Series, PC (Windows)"
EXAPUNKS,8/25/2022,PC (Windows)
"Tom Clancy's The Division 2 PTS",,PC (Windows)
Unrailed,,PC (Windows)
Trine 2,12/7/2011,PC (Windows)
Football Manager 2020,1/29/2020,PC (Windows)
Against the Moon: Prologue,,PC (Windows)
Telling Lies,4/28/2020,"Microsoft Xbox One, Microsoft Xbox Series, PC (Windows)"
"TC's GRAW",9/1/2009,"Microsoft Xbox 360, Microsoft Xbox One, Microsoft Xbox Series"
Uplink,10/1/2001,PC (Windows)
Shock Troopers,3/9/2017,PC (Windows)
Dungeon Defenders II,12/5/2014,PC (Windows)
The Culling Of The Cows,5/9/2014,PC (Windows)
Just Cause 4,12/4/2018,PC (Windows)
Killing Floor Mod: Defence Alliance 2,,PC (Windows)
Legend of Grimrock,4/11/2012,PC (Windows)
Zoo Tycoon: Ultimate Animal Collection,10/31/2017,"Microsoft Xbox One, Microsoft Xbox Series, PC (Windows)"
Hacker Evolution - Untold,12/15/2008,PC (Windows)
RPG in a Box,5/11/2022,PC (Windows)
High Hell,10/23/2017,PC (Windows)
Bomber Crew Deluxe,10/19/2017,PC (Windows)
The Last Blade 2,2/15/2018,PC (Windows)
Worms Reloaded,8/26/2010,PC (Windows)
Swimsanity,8/6/2020,PC (Windows)
Golf With Your Friends,7/23/2020,PC (Windows)
F1 2018,8/24/2018,PC (Windows)
Fatal Fury Special,1/16/1993,PC (Windows)
A.I. Invasion,9/30/2015,PC (Windows)
Rayman Origins,11/15/2011,PC (Windows)
Hexic HD,12/1/2005,"Microsoft Xbox 360, Microsoft Xbox One, Microsoft Xbox Series"
Magicka,1/25/2011,PC (Windows)
Microsoft Flight Simulator,8/18/2020,"Microsoft Xbox Series, PC (Windows)"
Tannenberg,2/13/2019,PC (Windows)
Hood Outlaws and Legends,5/7/2021,PC (Windows)
AER Memories of Old,10/25/2017,PC (Windows)
"Tom Clancy's The Division 2",3/15/2019,PC (Windows)
Left 4 Dead 2,11/17/2009,PC (Windows)
Particula,2/2/2015,PC (Windows)
Shank 2,2/7/2012,PC (Windows)
Indie Game: The Movie,,PC (Windows)
1979 Revolution:Black Friday,4/4/2016,PC (Windows)
Brawlhalla,4/30/2014,PC (Windows)
Ghostbusters The Video Game Remastered,10/3/2019,PC (Windows)
Titan Quest,6/26/2006,PC (Windows)
Samurai Shodown V Special,1/15/2004,PC (Windows)
PUBG: BATTLEGROUNDS,12/20/2017,PC (Windows)
Galactic Civilizations II: Ultimate Edition,9/26/2008,PC (Windows)
Contrast,6/26/2014,"Microsoft Xbox One, Microsoft Xbox Series"
Call of Duty: Advanced Warfare,11/3/2014,PC (Windows)
Beyond Good and Evil,11/11/2003,PC (Windows)
GTA IV,10/13/2009,"Microsoft Xbox 360, Microsoft Xbox One, Microsoft Xbox Series"
Get Stuffed!,10/29/2021,PC (Windows)
Oblivion,8/6/2009,"Microsoft Xbox 360, Microsoft Xbox One, Microsoft Xbox Series"
Medal of Honor,10/23/2000,PC (Windows)
Call of Duty: Black Ops,5/3/2011,"Microsoft Xbox 360, Microsoft Xbox One, Microsoft Xbox Series"
Huntsman - The Orphanage Halloween Edition,9/13/2013,PC (Windows)
Otherland,9/12/2016,PC (Windows)
Burnout Paradise: The Ultimate Box,2/3/2009,PC (Windows)
Metal Slug 2,1/2/1998,PC (Windows)
Construct 2 Free,,PC (Windows)
"DEMON'S TILT",12/6/2019,PC (Windows)
EA SPORTS MMA,8/10/2010,Microsoft Xbox 360
Red Goblin: Cursed Forest,5/15/2015,PC (Windows)
Shop Titans,6/18/2019,PC (Windows)
Return to Monkey Island,11/8/2022,"Microsoft Xbox Series, PC (Windows)"
"Sid Meier's Civilization III: Complete",9/14/2004,PC (Windows)
Wasteland 2,9/19/2014,PC (Windows)
Space Hack,11/15/2005,PC (Windows)
Slain: Back From Hell,3/24/2016,PC (Windows)
ARK: Survival Evolved,8/27/2017,PC (Windows)
Joggernauts,10/11/2018,PC (Windows)
The Ship Tutorial,,PC (Windows)
UFC 2009 Undisputed,5/19/2009,Microsoft Xbox 360
LOTR: Conquest,1/13/2009,Microsoft Xbox 360
Stick it to the Man,11/19/2013,PC (Windows)
DOOM 64,3/20/2020,"Microsoft Xbox One, Microsoft Xbox Series, PC (Windows)"
SEGA Superstars Tennis,3/19/2010,Microsoft Xbox 360
SIGNALIS,10/27/2022,"Microsoft Xbox One, Microsoft Xbox Series, PC (Windows)"
PlanetSide 2 - Test,,PC (Windows)
GRAV,1/8/2015,PC (Windows)
Grand Theft Auto IV: The Complete Edition,4/29/2008,PC (Windows)
Escape Machine City: Airborne,3/3/2021,PC (Windows)
I Get This Call Every Day,12/21/2012,PC (Windows)
Second Extinction,10/13/2020,PC (Windows)
Shadowrun Hong Kong,8/20/2015,PC (Windows)
BioShock Infinite: Complete Edition,11/4/2014,PC (Windows)
Grimoire: Manastorm,2/4/2015,PC (Windows)
Syndicate,6/6/1993,PC (Windows)
Earthlock,3/8/2018,PC (Windows)
Mutant Year Zero Road to Eden,12/4/2018,PC (Windows)
Audiosurf,2/15/2008,PC (Windows)
NHL 11,9/7/2010,Microsoft Xbox 360
ROBLOX,1/27/2016,"Microsoft Xbox One, Microsoft Xbox Series"
War Wind ,9/23/1996,PC (Windows)
Backbone: Prologue,,
World War Z,5/30/2013,PC (Windows)
Monkey Island 2 Special Edition: LeChuck’s Revenge,6/26/2010,PC (Windows)
Scribblenauts Unlimited,11/13/2012,PC (Windows)
Herding Dog,1/15/2016,PC (Windows)
"Sid Meier's Civilization: Beyond Earth",10/24/2014,PC (Windows)
Figment,9/22/2017,PC (Windows)
Frog Detective: The Entire Mystery,10/27/2022,PC (Windows)
Closure,3/27/2012,
ARK: Survival Evolved,8/27/2017,PC (Windows)
"I, Hope",2/21/2018,PC (Windows)
"The King of Fighters '97 Global Match",4/3/2018,PC (Windows)
Into The Breach,2/27/2018,PC (Windows)
Galaxy of Pen and Paper,7/26/2017,PC (Windows)
Shadow Warrior Classic Complete,5/13/1997,PC (Windows)
Fall Guys,6/21/2022,"Microsoft Xbox One, Microsoft Xbox Series"
Samorost 1,12/31/2003,PC (Windows)
Lucius,10/26/2012,PC (Windows)
Ticket to Ride,6/25/2008,PC (Windows)
VTuber Maker,,PC (Windows)
Off-Road Drive,9/29/2011,PC (Windows)
"Alan Wake's American Nightmare",2/22/2012,
BATTLESLOTHS (Humble Original),,
PAYDAY 2: CRIMEWAVE EDITION,6/16/2015,"Microsoft Xbox One, Microsoft Xbox Series"
SteamWorld Dig 2,9/21/2017,PC (Windows)
Offspring Fling!,3/30/2012,PC (Windows)
Majesty 2 Collection,4/19/2011,PC (Windows)
Wheels of Aurelia,9/20/2016,PC (Windows)
The Elder Scrolls II: Daggerfall,8/31/1996,PC (Windows)
Space Science Investigations,9/2/2022,"Microsoft Xbox One, Microsoft Xbox Series"
Urbek City Builder Prologue,,PC (Windows)
Too Human,6/11/2019,"Microsoft Xbox 360, Microsoft Xbox One, Microsoft Xbox Series"
Sniper Elite V2,4/30/2012,PC (Windows)
Mass Effect,8/6/2009,"Microsoft Xbox 360, Microsoft Xbox One, Microsoft Xbox Series"
Far Cry 5,2/15/2019,PC (Windows)
Mortal Shell,8/18/2020,PC (Windows)
"Sid Meier's Civilization IV: Colonization",9/22/2008,PC (Windows)
Saints Row: The Third,11/15/2011,PC (Windows)
Dead Bits,6/7/2014,PC (Windows)
Borderlands 3,9/13/2019,PC (Windows)
Unpacking,11/2/2021,"Microsoft Xbox One, Microsoft Xbox Series, PC (Windows)"
Mountain,7/1/2014,PC (Windows)
Martial Law,12/23/2021,PC (Windows)
Beneath a Steel Sky,3/1/1994,PC (Windows)
Startopia,6/15/2001,PC (Windows)
"Tom Clancy's The Division PTS",,PC (Windows)
"Time Gentlemen, Please!",6/22/2009,PC (Windows)
Supreme Commander 2,3/2/2010,PC (Windows)
"Texas Hold'em",12/2/2009,"Microsoft Xbox 360, Microsoft Xbox One, Microsoft Xbox Series"
Torchlight II,9/20/2012,PC (Windows)
I Get This Call Every Day,12/21/2012,
Minecraft: Xbox 360 Edition,5/9/2012,Microsoft Xbox 360
"Tom Clancy's The Division",3/7/2016,PC (Windows)
"Cook, Serve, Delicious! 3?!",10/13/2020,PC (Windows)
Dead Space (2008),10/14/2008,PC (Windows)
BIT.TRIP Presents... Runner2: Future Legend of Rhythm Alien,2/26/2013,PC (Windows)
UNO,5/9/2006,PC (Windows)
Sins of a Solar Empire: Trinity,2/4/2010,PC (Windows)
Dead Rising 3,11/22/2013,PC (Windows)
Hell Yeah!,9/25/2012,PC (Windows)
SkyDrift,9/6/2011,PC (Windows)
The Fish Fillets 2,4/5/2007,PC (Windows)
Maneater,11/1/1975,PC (Windows)
Serious Sam 3: BFE,11/22/2011,PC (Windows)
Alpha Prime,5/1/2007,PC (Windows)
Viscera Cleanup Detail,10/23/2015,PC (Windows)
Lara Croft and the Guardian of Light,8/18/2010,PC (Windows)
Medal of Honor(TM) Single Player,10/12/2010,PC (Windows)
Wildcat Gun Machine,5/4/2022,PC (Windows)
The Binding of Isaac,9/28/2011,PC (Windows)
Roblox,1/21/2016,PC (Windows)
Fall of Porcupine: Prologue,,PC (Windows)
Gav-Gav Odyssey,1/26/2022,"Microsoft Xbox One, Microsoft Xbox Series"
The Ship,9/15/2006,PC (Windows)
Trainz: Settle & Carlisle,10/1/2010,PC (Windows)
Driver San Francisco,9/2/2011,PC (Windows)
Leaf Blower Revolution - Idle Game,12/4/2020,PC (Windows)
Watch Dogs 2,11/15/2016,PC (Windows)
Etherborn,7/18/2019,PC (Windows)
Crazy Machines 1.5 Inventors Training Camp,10/1/2005,PC (Windows)
"The King of Fighters '98 Ultimate Match",1/24/2011,PC (Windows)
Rising Storm/Red Orchestra 2 Multiplayer,5/30/2013,PC (Windows)
Dead by Daylight,6/14/2016,PC (Windows)
"Don't Starve",4/23/2013,PC (Windows)
Hello Neighbor Alpha Version,,PC (Windows)
Kathy Rain,5/5/2016,PC (Windows)
Halo: The Master Chief Collection,11/12/2019,PC (Windows)
PowerWash Simulator,7/14/2022,"Microsoft Xbox One, Microsoft Xbox Series, PC (Windows)"
Mortal Shell Tech Beta,,PC (Windows)
Blacklight: Tango Down,7/7/2010,PC (Windows)
Tyranny - Gold Edition Pack,,PC (Windows)
Peggle,12/31/1991,PC (Windows)
NORCO,3/24/2022,"Microsoft Xbox One, Microsoft Xbox Series, PC (Windows)"
"Sid Meier's Civilization IV: Warlords",7/24/2006,PC (Windows)
Ironclad,9/20/1996,PC (Windows)
The Crew,12/1/2014,PC (Windows)
Shadowrun: Dragonfall - Director’s Cut,9/18/2014,PC (Windows)
The Textorcist,2/14/2019,PC (Windows)
Modern Warfare 2,2/15/2011,"Microsoft Xbox 360, Microsoft Xbox One, Microsoft Xbox Series"
STAR WARS: Rebel Assault I + II,3/29/2016,PC (Windows)
"Sid Meier's Civilization IV: Beyond the Sword",7/18/2007,PC (Windows)
Ancient Enemy,4/9/2020,PC (Windows)
The Pedestrian,1/4/2022,"Microsoft Xbox One, Microsoft Xbox Series, PC (Windows)"
POSTAL: Classic and Uncut,8/17/1998,PC (Windows)
The Darkest Tales - Into the Nightmare,10/14/2021,PC (Windows)
Costume Quest 2,10/7/2014,PC (Windows)
Builders of Egypt: Prologue,12/31/2023,PC (Windows)
Dino D-Day,4/8/2011,PC (Windows)
Darksiders Warmastered Edition,11/22/2016,PC (Windows)
Halo 3: ODST Campaign Edition,9/22/2009,"Microsoft Xbox 360, Microsoft Xbox One, Microsoft Xbox Series"
Quake Champions,8/22/2017,PC (Windows)
Tropico 3 - Steam Special Edition,10/20/2009,PC (Windows)
RollerCoaster Tycoon 3: Complete Edition,9/24/2020,PC (Windows)
Cave Story+,11/22/2011,
In Sound Mind,9/28/2021,PC (Windows)
Hellpoint: The Thespian Feast,2/20/2020,PC (Windows)
Operation Flashpoint: Dragon Rising,10/6/2009,PC (Windows)
Overload - Playable Teaser,3/7/2016,PC (Windows)
The Binding of Isaac + Wrath of the Lamb DLC,5/28/2012,
Hob,9/26/2017,PC (Windows)
First Class Trouble,4/8/2021,PC (Windows)
Rayman Legends,8/30/2013,PC (Windows)
Evolve Stage 2,7/7/2016,PC (Windows)
Turok,2/28/1997,PC (Windows)
The Little Acre,12/13/2016,PC (Windows)
Just Cause 4,12/4/2018,"Microsoft Xbox One, Microsoft Xbox Series, PC (Windows)"
The Basement Collection,8/31/2012,PC (Windows)
Aegis Wing,5/16/2007,"Microsoft Xbox 360, Microsoft Xbox One, Microsoft Xbox Series"
Killing Floor 2,11/18/2016,PC (Windows)
MURDERED: SOUL SUSPECT,6/3/2014,PC (Windows)
Garou,1/26/1999,PC (Windows)
Guitar Hero III,11/23/2009,Microsoft Xbox 360
Bejeweled 3,10/19/2011,"Microsoft Xbox 360, Microsoft Xbox One, Microsoft Xbox Series"
Olija,1/28/2021,"Microsoft Xbox One, Microsoft Xbox Series"
Rec Room,12/3/2020,"Microsoft Xbox One, Microsoft Xbox Series"
Skul: The Hero Slayer,10/21/2021,"Microsoft Xbox One, Microsoft Xbox Series, PC (Windows)"
Sengoku 3,3/29/2018,PC (Windows)
SplinterCellConviction,11/9/2010,"Microsoft Xbox 360, Microsoft Xbox One, Microsoft Xbox Series"
8BitBoy,4/1/2014,PC (Windows)
SMITE,3/25/2014,PC (Windows)
The Lords of Midnight,12/31/1984,PC (Windows)
Akalabeth: World of Doom,12/31/1998,PC (Windows)
NHL 10,9/15/2009,Microsoft Xbox 360
Rogue Company,9/30/2020,PC (Windows)
Gears of War,12/29/2009,"Microsoft Xbox 360, Microsoft Xbox One, Microsoft Xbox Series"
"Assassin's Creed Origins",10/26/2017,PC (Windows)
Rainbow Billy: The Curse of the Leviathan,10/5/2021,"Microsoft Xbox One, Microsoft Xbox Series, PC (Windows)"
Skyborn,2/21/2014,PC (Windows)
Halo Infinite,11/15/2021,PC (Windows)
Dead Island Riptide,4/23/2013,PC (Windows)
NO THING,8/6/2021,"Microsoft Xbox One, Microsoft Xbox Series, PC (Windows)"
Wasteland 1 - The Original Classic,12/31/1988,PC (Windows)
"Tom Clancy's Ghost Recon Wildlands",3/6/2017,PC (Windows)
Halo: Combat Evolved Anniversary,11/15/2011,"Microsoft Xbox 360, Microsoft Xbox One, Microsoft Xbox Series"
Contraption Maker,7/7/2014,PC (Windows)
Spellbreak,7/22/2021,PC (Windows)
"The Bard's Tale",10/26/2004,PC (Windows)
Red Dead Redemption 2,10/26/2018,PC (Windows)
Dungeons 2,4/24/2015,PC (Windows)
Stealth Inc 2,,PC (Windows)
Hello Neighbor 2,12/6/2022,"Microsoft Xbox One, Microsoft Xbox Series, PC (Windows)"
King of the Monsters,6/8/2017,PC (Windows)
GTR 2 - FIA GT Racing Game,9/29/2006,PC (Windows)
Whispering Willows,5/17/2014,PC (Windows)
The Ship Single Player,12/31/2006,PC (Windows)
Receiver,4/29/2013,PC (Windows)
Crackdown 3: Campaign,2/15/2019,"Microsoft Xbox One, Microsoft Xbox Series, PC (Windows)"
Among Us,6/15/2018,PC (Windows)
Kentucky Route Zero: TV Edition,1/28/2020,"Microsoft Xbox One, Microsoft Xbox Series, PC (Windows)"
Starbound - Unstable,,PC (Windows)
Planetary Annihilation: TITANS,8/18/2015,PC (Windows)
Amnesia: The Dark Descent,9/8/2010,PC (Windows)
Narcissu 1st & 2nd,4/24/2015,PC (Windows)
LIMBO,8/4/2010,"Microsoft Xbox 360, Microsoft Xbox One, Microsoft Xbox Series"
Mad Max,9/1/2015,PC (Windows)
Snapshot,8/30/2012,PC (Windows)
Borderlands 2,9/18/2012,PC (Windows)
Might & Magic - Chess Royale,1/29/2020,PC (Windows)
A Short Hike,7/30/2019,PC (Windows)
Sang-Froid - Tales of Werewolves,4/5/2013,PC (Windows)
Hacker Evolution Duality,8/15/2011,PC (Windows)
"Broken Sword 1 - Shadow of the Templars: Director's Cut",3/19/2009,PC (Windows)
Clicker Heroes,7/1/2014,PC (Windows)
Offworld Trading Company,4/28/2016,PC (Windows)
Redout: Enhanced Edition,9/2/2016,PC (Windows)
Chinatown Detective Agency,4/7/2022,"Microsoft Xbox One, Microsoft Xbox Series, PC (Windows)"
"The Walking Dead: Michonne - Ep. 1, In Too Deep",2/23/2016,"Microsoft Xbox One, Microsoft Xbox Series"
Aegis Defenders,2/8/2018,PC (Windows)
STCC II,,PC (Windows)
The Stanley Parable,10/17/2013,PC (Windows)
Company of Heroes: Tales of Valor,4/7/2009,PC (Windows)
Snapshot,8/30/2012,
Samurai Shodown II,1/2/1994,PC (Windows)
"Command & Conquer Red Alert 2 and Yuri's Revenge",10/25/2000,PC (Windows)
TC’s H.A.W.X,8/6/2010,"Microsoft Xbox 360, Microsoft Xbox One, Microsoft Xbox Series"
Path of Exile,10/23/2013,PC (Windows)
iBomber Attack,11/1/2012,PC (Windows)
Minecraft,9/20/2017,"Microsoft Xbox One, Microsoft Xbox Series"
Need for Speed Deluxe Edition,11/3/2015,PC (Windows)
Higurashi When They Cry Hou - Ch.1 Onikakushi,,PC (Windows)
Ascendant,5/6/2014,PC (Windows)
"Assassin's Creed III",10/30/2012,PC (Windows)
Warlock - Master of the Arcane,5/8/2012,PC (Windows)
BioShock 2 Remastered,9/14/2016,PC (Windows)
Kerbal Space Program,4/27/2015,PC (Windows)
Wonder Boy The Dragons Trap,9/1/1989,PC (Windows)
"The Bard's Tale ARPG : Remastered and Resnarkled",6/18/2020,"Microsoft Xbox One, Microsoft Xbox Series, PC (Windows)"
Trainz: Classic Cabon City,9/1/2010,PC (Windows)
Weird Worlds: Return to Infinite Space,3/19/2013,PC (Windows)
Kingdom Wars,4/1/2013,PC (Windows)
PAYDAY 2,8/13/2013,PC (Windows)
American Truck Simulator,2/2/2016,PC (Windows)
DC League of Super-Pets: The Adventures of Krypto and Ace,7/15/2022,"Microsoft Xbox One, Microsoft Xbox Series, PC (Windows)"
Cave Story+,11/22/2011,PC (Windows)
Donut County,12/18/2018,"Microsoft Xbox One, Microsoft Xbox Series, PC (Windows)"
The Sims 3,6/2/2009,PC (Windows)
Destiny,9/9/2014,"Microsoft Xbox One, Microsoft Xbox Series"
Hotline Miami 2: Wrong Number - Digital Comics,,PC (Windows)
Kabounce,5/29/2018,PC (Windows)
Prison Architect,1/1/2018,PC (Windows)
Star Vikings Forever,10/6/2016,PC (Windows)
Townscaper,11/30/2021,"Microsoft Xbox One, Microsoft Xbox Series, PC (Windows)"
The Crew,12/1/2014,PC (Windows)
Titanfall,3/11/2014,PC (Windows)
Sine Mora Ex,3/21/2012,PC (Windows)
Metal: Hellsinger (Xbox Series X|S & PC),9/15/2022,"Microsoft Xbox Series, PC (Windows)"
Metro 2033,3/16/2010,PC (Windows)
Call of Duty: Advanced Warfare - Multiplayer,,PC (Windows)
Plants vs Zombies Game of the Year Edition,10/18/2019,PC (Windows)
Dark Quest,4/16/2013,PC (Windows)
"Deus Ex: Human Revolution - Director's Cut",10/22/2013,PC (Windows)
Dicey Dungeons,11/11/2021,"Microsoft Xbox One, Microsoft Xbox Series, PC (Windows)"
Runbow,7/15/2017,"Microsoft Xbox One, Microsoft Xbox Series"
XCOM 2,2/4/2016,PC (Windows)
"Don't Starve Together",4/21/2016,PC (Windows)
War Thunder,1/28/2013,PC (Windows)
Just Cause,9/22/2006,PC (Windows)
Soccer Story,11/29/2022,"Microsoft Xbox One, Microsoft Xbox Series, PC (Windows)"
"Edna & Harvey: Harvey's New Eyes",10/16/2012,PC (Windows)
Agricultural Simulator 2013 Steam Edition,6/7/2013,PC (Windows)
Legend of Grimrock,4/11/2012,
Guild of Ascension,9/21/2021,PC (Windows)
Titanfall 2,10/28/2016,PC (Windows)
Bloons TD 6,6/14/2018,PC (Windows)
"Wasteland 2: Director's Cut",10/13/2015,PC (Windows)
Marble Blast Ultra,1/4/2010,Microsoft Xbox 360
Command & Conquer Red Alert 3: Uprising,,PC (Windows)
SUPER DISTRO,7/22/2015,PC (Windows)
"Warhammer 40,000: Dawn of War - Game of the Year Edition",8/7/2007,PC (Windows)
"Mirror's Edge",11/11/2008,PC (Windows)
Anodyne,3/22/2013,PC (Windows)
Marbles on Stream,3/28/2018,PC (Windows)
Janosik - Highlander Precision Platformer,9/25/2020,PC (Windows)
Rock Band,11/20/2007,Microsoft Xbox 360
Shores Unknown: Arrival,,PC (Windows)
F1 2012,9/17/2012,PC (Windows)
Blinx: The Time Sweeper,4/13/2018,"Microsoft Xbox 360, Microsoft Xbox One, Microsoft Xbox Series"
InnerSpace,1/16/2018,PC (Windows)
Turnip Boy Commits Tax Evasion,4/19/2022,"Microsoft Xbox One, Microsoft Xbox Series, PC (Windows)"
Genesis Noir,3/12/2021,"Microsoft Xbox One, Microsoft Xbox Series"
"TC's RainbowSix Vegas",8/11/2009,"Microsoft Xbox 360, Microsoft Xbox One, Microsoft Xbox Series"
SEGA Mega Drive & Genesis Classics,5/29/2018,PC (Windows)
Metal Slug 3,3/9/2017,PC (Windows)
Overcast - Walden and the Werewolf,3/5/2014,PC (Windows)
Symphonia,6/23/2020,PC (Windows)
Warframe,3/25/2013,PC (Windows)
The Witcher 3: Wild Hunt,5/19/2015,PC (Windows)
Galactic Civilizations III,3/27/2014,PC (Windows)
Nanotale - Typing Chronicles,10/23/2019,PC (Windows)
Eximius: Seize the Frontline,3/16/2021,PC (Windows)
Art of Fighting 2,1/3/1994,PC (Windows)
Men of War: Assault Squad,2/24/2011,PC (Windows)
EVGA Precision X1,,PC (Windows)
"Tom Clancy's Splinter Cell",11/12/2002,PC (Windows)
Gears of War 4,10/11/2016,"Microsoft Xbox One, Microsoft Xbox Series, PC (Windows)"
Kane and Lynch:DeadMen,6/12/2011,Microsoft Xbox 360
Dink Smallwood HD,,PC (Windows)
Dead Space,10/14/2008,PC (Windows)
Digimon Masters Online,11/3/2016,PC (Windows)
SUPERHOT,2/25/2016,PC (Windows)
Galactic Civilizations I: Ultimate Edition,8/14/2012,PC (Windows)
Dungeon Island,,PC (Windows)
Gamedec - Definitive Edition,9/16/2021,PC (Windows)
Divine Knockout,12/6/2022,PC (Windows)
The King of Fighters 2000,8/10/2017,PC (Windows)
Batman: Arkham City GOTY,5/29/2012,PC (Windows)
I Am Bread,12/3/2014,PC (Windows)
"Sid Meier's Civilization IV: Beyond the Sword",7/18/2007,PC (Windows)
PickCrafter,12/14/2017,PC (Windows)
"Shantae and the Pirate's Curse",10/23/2014,PC (Windows)
Dead Island Riptide Definitive Edition,5/31/2016,PC (Windows)
Bio Menace,8/3/1993,PC (Windows)
Sang-Froid: Tales of Werewolves,4/5/2013,PC (Windows)
"Tom Clancy's The Division Beta",,PC (Windows)
Need for Speed World,7/27/2010,PC (Windows)
To the Moon,11/1/2011,PC (Windows)
Batman: Arkham Asylum GOTY Edition,3/26/2010,PC (Windows)
Beacon Pines,9/22/2022,"Microsoft Xbox One, Microsoft Xbox Series, PC (Windows)"
Delores: A Thimbleweed Park Mini-Adventure,5/9/2020,PC (Windows)
Idle Champions of the Forgotten Realms,12/11/2018,PC (Windows)
"Hunted: The Demon's Forge",5/31/2011,PC (Windows)
Halo: Reach,9/14/2010,"Microsoft Xbox 360, Microsoft Xbox One, Microsoft Xbox Series"
FIFA World,8/11/2013,PC (Windows)
Her Story,6/24/2015,PC (Windows)
Pillars of Eternity - Definitive Edition Pack,,PC (Windows)
Plants vs Zombies: Battle for Neighborville,10/18/2019,PC (Windows)
Gears of War 3,3/27/2012,"Microsoft Xbox 360, Microsoft Xbox One, Microsoft Xbox Series"
NHL12,9/13/2011,Microsoft Xbox 360
The Mighty Quest for Epic Loot,2/5/2015,PC (Windows)
Dead Island,9/6/2011,PC (Windows)
"Alder's Blood Prologue",,PC (Windows)
Severed Steel,9/17/2021,PC (Windows)
Bastion,7/20/2011,
Tyranny - Gold Edition,11/8/2018,PC (Windows)
"Garry's Mod",12/24/2004,PC (Windows)
"Organ Trail: Director's Cut",8/9/2012,PC (Windows)
Ultima  Worlds of Adventure 2: Martian Dreams,9/30/1991,PC (Windows)
Dying Light 2,2/3/2022,PC (Windows)
Kane & Lynch: Dead Men,11/13/2007,PC (Windows)
Overlord,6/26/2007,PC (Windows)
TrackMania Nations Forever,3/3/2008,PC (Windows)
DubWars,7/19/2016,PC (Windows)
Prince of Persia: The Sands of Time,11/6/2003,PC (Windows)
Quiplash,6/30/2015,PC (Windows)
Fracture,1/1/2008,Microsoft Xbox 360
Influent,2/4/2014,
HITMAN,11/19/2000,PC (Windows)
Saints Row IV Re-Elected,1/20/2015,PC (Windows)
Epistory - Typing Chronicles,3/30/2016,PC (Windows)
What Remains of Edith Finch,7/19/2017,"Microsoft Xbox One, Microsoft Xbox Series, PC (Windows)"
OpenTTD,3/14/2004,PC (Windows)
High On Life,12/13/2022,"Microsoft Xbox One, Microsoft Xbox Series, PC (Windows)"
System Shock 2,8/11/1999,PC (Windows)
ARK: Survival Evolved,12/19/2017,PC (Windows)
Fallout Classic,,PC (Windows)
RACE 07,10/15/2007,PC (Windows)
SNK 40th Anniversary Collection,11/13/2018,PC (Windows)
BIGFOOT,1/31/2017,PC (Windows)
Company of Heroes ,9/12/2006,PC (Windows)
Closure,3/27/2012,PC (Windows)
Fairy Tale Mysteries: The Puppet Thief,1/7/2016,PC (Windows)
Gone Home,8/15/2013,PC (Windows)
Tokyo 42,5/31/2017,PC (Windows)
"Oddworld: Abe's Oddysee",9/18/1997,PC (Windows)
Lure of the Temptress,12/31/1992,PC (Windows)
"Ben There, Dan That!",6/22/2009,PC (Windows)
SMITE - Public Test,,PC (Windows)
Soul Gambler,6/4/2014,PC (Windows)
Medal of Honor Pacific Assault,11/2/2004,PC (Windows)
Loria,11/27/2018,PC (Windows)
Watch Dogs,3/2/2017,PC (Windows)
Dash of Destruction,12/17/2008,Microsoft Xbox 360
Counter-Strike: Global Offensive,8/21/2012,PC (Windows)
Eschalon: Book I,11/19/2007,PC (Windows)
Titan Quest Anniversary Edition,8/31/2016,PC (Windows)
"Death's Door",7/20/2021,PC (Windows)
Rising Hell,10/17/2019,PC (Windows)
Hitman 2: Silent Assassin,9/30/2002,PC (Windows)
"Tom Clancy's Rainbow Six Siege",12/1/2015,PC (Windows)
Cult of the Wind,6/30/2014,PC (Windows)
Genital Jousting,1/18/2018,PC (Windows)
Portal 2,4/19/2011,PC (Windows)
Amnesia: Rebirth,10/20/2020,PC (Windows)
Arma 2,6/17/2009,PC (Windows)
Kingdom Wars 2: Definitive Edition,7/9/2019,PC (Windows)
Nomads of Driftland,12/7/2020,PC (Windows)
Totally Accurate Battle Simulator,12/20/2019,"Microsoft Xbox One, Microsoft Xbox Series, PC (Windows)"
TERA,1/25/2011,PC (Windows)
Borderlands: The Pre-Sequel,10/14/2014,PC (Windows)
Indie Game: The Movie,,
Company of Heroes - Legacy Edition,9/11/2006,PC (Windows)
Streamline,9/30/2016,PC (Windows)
Space Hulk Ascension,10/3/2014,PC (Windows)
Kingdom Wars 2: Battles,2/1/2015,PC (Windows)
Unturned,7/7/2017,PC (Windows)
Layers of Fear 2,,PC (Windows)
Arma Tactics,6/3/2013,PC (Windows)
Godfall,12/7/2021,PC (Windows)
Tell Me Why,8/27/2020,"Microsoft Xbox One, Microsoft Xbox Series, PC (Windows)"
The Sims 3,6/2/2009,PC (Windows)
Control,8/27/2019,PC (Windows)
Tales of the Neon Sea,4/29/2019,PC (Windows)
The Crew 2,6/29/2018,PC (Windows)
Anomaly Korea,12/20/2012,PC (Windows)
Euro Truck Simulator 2,10/18/2012,PC (Windows)
Blair Witch,8/30/2019,PC (Windows)
UFO: Afterlight,2/9/2007,PC (Windows)
NFS Undercover,6/8/2010,Microsoft Xbox 360
Far Cry New Dawn,2/15/2019,PC (Windows)
Lake,9/1/2021,"Microsoft Xbox One, Microsoft Xbox Series, PC (Windows)"
PlanetSide 2,11/20/2012,PC (Windows)
Killing Floor,5/14/2009,PC (Windows)
Conarium,6/6/2017,PC (Windows)
Optica,8/28/2018,PC (Windows)
The Basement Collection,8/31/2012,
"Zuma's Revenge",,PC (Windows)
OF: Dragon Rising,10/6/2009,"Microsoft Xbox 360, Microsoft Xbox One, Microsoft Xbox Series"
BattleBlock Theater,4/3/2013,PC (Windows)
Microsoft Solitaire Collection,7/28/2012,PC (Windows)
ASTRONEER,2/6/2019,"Microsoft Xbox One, Microsoft Xbox Series, PC (Windows)"
Jotun Valhalla Edition,9/8/2016,PC (Windows)
DEEEER Simulator: Your Average Everyday Deer Game,11/23/2021,"Microsoft Xbox One, Microsoft Xbox Series, PC (Windows)"
100 hidden frogs,11/15/2021,PC (Windows)
Doritos Crash Course,12/8/2010,"Microsoft Xbox 360, Microsoft Xbox One, Microsoft Xbox Series"
Tormentor X Punisher,6/2/2017,PC (Windows)
Watch_Dogs,5/26/2014,PC (Windows)
Dying Light: Bad Blood,9/13/2018,PC (Windows)
Gone Home,8/15/2013,PC (Windows)
Crazy Machines 1.5 New from the Lab,10/1/2005,PC (Windows)
STCC: The Game,10/22/2008,PC (Windows)
FAR: Changing Tides Windows Edition,3/1/2022,PC (Windows)
Kraken Academy!!,3/22/2022,"Microsoft Xbox One, Microsoft Xbox Series, PC (Windows)"
Combat Wings: Battle of Britain,10/14/2008,PC (Windows)
Escape Academy,7/14/2022,"Microsoft Xbox One, Microsoft Xbox Series, PC (Windows)"
Bugsnax,4/28/2022,"Microsoft Xbox One, Microsoft Xbox Series, PC (Windows)"
KillingFloor2Beta,,PC (Windows)
ToeJam & Earl: Back in the Groove!,3/1/2019,PC (Windows)
Monopoly Plus,11/25/2014,PC (Windows)
Bastion,7/20/2011,PC (Windows)
State of Decay,6/5/2013,PC (Windows)
Fall Guys,8/4/2020,PC (Windows)
Burgers,8/11/2015,PC (Windows)
Far Cry 3 Blood Dragon,5/1/2013,PC (Windows)
Pixel Piracy,11/12/2013,PC (Windows)
Shadow Tactics Blades of the Shogun,12/6/2021,PC (Windows)
Ultima VIII Gold Edition,3/15/1994,PC (Windows)
Glacier 3: The Meltdown,9/21/2010,PC (Windows)
Full Throttle Remastered,10/29/2020,"Microsoft Xbox One, Microsoft Xbox Series, PC (Windows)"
Pillars of Eternity - Definitive Edition,11/15/2017,PC (Windows)
Red Faction: Armageddon,6/6/2011,PC (Windows)
Antstream Arcade,1/1/2001,PC (Windows)
Vampyr,6/4/2018,PC (Windows)
Minecraft for Windows,7/14/2015,PC (Windows)
"Tom Clancy's Rainbow Six Siege - Test Server",,PC (Windows)
Arma: Gold Edition,7/13/2011,PC (Windows)
Titanfall 2,10/28/2016,PC (Windows)
Sunrider: Mask of Arcadius,6/3/2014,PC (Windows)
ORION: Prelude,4/16/2013,PC (Windows)
Total War: WARHAMMER,5/24/2016,PC (Windows)
Teenagent,2/26/1994,PC (Windows)
Dungeon Keeper,6/26/1997,PC (Windows)
"Sid Meier's Civilization IV: Warlords",7/24/2006,PC (Windows)
City of Brass,5/4/2018,PC (Windows)
Papo & Yo,8/14/2012,PC (Windows)
Endorlight,4/26/2016,PC (Windows)
The Settlers 7 - History Edition,11/25/2018,PC (Windows)
Race with Ryan,11/1/2019,"Microsoft Xbox One, Microsoft Xbox Series, PC (Windows)"
Two Worlds: Epic Edition,4/30/2009,PC (Windows)
Ravensword: Shadowlands,12/6/2013,PC (Windows)
Hitman: Absolution,11/19/2012,PC (Windows)
Medal of Honor(TM) Multiplayer,10/12/2010,PC (Windows)
Wolfenstein: The New Order,5/20/2014,PC (Windows)
Gears of War 2,11/7/2008,"Microsoft Xbox 360, Microsoft Xbox One, Microsoft Xbox Series"
"Tom Clancy's Ghost Recon Breakpoint",10/4/2019,PC (Windows)
Incredipede,2/1/2013,PC (Windows)
Gloomhaven,7/17/2019,PC (Windows)
Tyrian 2000,12/31/1995,PC (Windows)
Horizon Chase Turbo,8/20/2015,PC (Windows)
Dragonsphere,1/7/1994,PC (Windows)
Dungeon Defenders + All DLC,,
Dead Space 3,2/5/2013,PC (Windows)
Baseball Stars 2,2/1/1992,PC (Windows)
"Sid Meier's Civilization IV",10/25/2005,PC (Windows)
Coffee Talk,1/31/2020,"Microsoft Xbox One, Microsoft Xbox Series, PC (Windows)"
IL-2: Birds of Prey,11/22/2011,Microsoft Xbox 360
The Elder Scrolls: Arena,3/25/1994,PC (Windows)
Keep In Mind,4/25/2016,PC (Windows)
Overcooked,8/3/2016,PC (Windows)
Shadowrun Returns,7/25/2013,PC (Windows)
Black Desert,7/14/2015,PC (Windows)
Galactic Arms Race,5/31/2014,PC (Windows)
Halo Infinite,11/15/2021,"Microsoft Xbox One, Microsoft Xbox Series, PC (Windows)"
Robocraft,8/24/2017,PC (Windows)
Fallout 76,11/14/2018,PC (Windows)
Game Dev Tycoon,12/10/2012,PC (Windows)
Space Beast Terror Fright,4/6/2015,PC (Windows)
Hydro Thunder,7/8/2010,"Microsoft Xbox 360, Microsoft Xbox One, Microsoft Xbox Series"
Magicka: Wizard Wars,5/27/2014,PC (Windows)
Test Drive Unlimited 2,2/8/2011,PC (Windows)
Pinball FX2,12/31/2012,PC (Windows)
CAYNE,1/24/2017,PC (Windows)
Metal Slug 3,1/2/2008,"Microsoft Xbox 360, Microsoft Xbox One, Microsoft Xbox Series"
The Vanishing of Ethan Carter Redux,9/25/2014,PC (Windows)
My Friend Peppa Pig,10/22/2021,"Microsoft Xbox One, Microsoft Xbox Series, PC (Windows)"
South Park: The Fractured But Whole,10/17/2017,PC (Windows)
Alan Wake,5/14/2010,
PREY,2/1/1993,PC (Windows)
Harms Way,12/8/2010,"Microsoft Xbox 360, Microsoft Xbox One, Microsoft Xbox Series"
Sentinels of the Multiverse,10/15/2014,PC (Windows)
Banjo Kazooie: N n B,1/5/2010,"Microsoft Xbox 360, Microsoft Xbox One, Microsoft Xbox Series"
Snake Pass,3/28/2017,PC (Windows)
The Life and Suffering of Sir Brante - Chapter 1 & 2,12/1/2020,PC (Windows)
Prizefighter,6/10/2008,Microsoft Xbox 360
Jet Set Radio,6/29/2000,PC (Windows)
Age of Wonders III,3/31/2014,PC (Windows)
Greed Corp,2/24/2010,PC (Windows)
Dota 2,7/9/2013,PC (Windows)
Screencheat,10/21/2014,PC (Windows)
Total War: SHOGUN 2,3/15/2011,PC (Windows)
GlassWire,,PC (Windows)
Kingsway,7/18/2017,PC (Windows)
Destiny 2,9/6/2017,PC (Windows)
RACE On,12/18/2008,PC (Windows)
Portal Reloaded,4/19/2021,PC (Windows)
Rogue Legacy,6/27/2013,PC (Windows)
Forza Horizon 5,11/9/2021,"Microsoft Xbox One, Microsoft Xbox Series, PC (Windows)"
Rebel Galaxy,10/20/2015,PC (Windows)
Iris Fall,1/7/2021,"Microsoft Xbox One, Microsoft Xbox Series"
Legends of Idleon MMO,,PC (Windows)
Borderlands 2,9/18/2012,PC (Windows)
Flight of the Amazon Queen,12/31/1995,PC (Windows)
"Sid Meier's Civilization V",9/21/2010,PC (Windows)
Lonely Mountains: Downhill,10/23/2019,"Microsoft Xbox One, Microsoft Xbox Series, PC (Windows)"
Interstellar Marines,7/2/2013,PC (Windows)
ACE - Arena: Cyber Evolution,7/1/2014,PC (Windows)
Minion Masters,5/24/2019,PC (Windows)
Viscera Cleanup Detail: Shadow Warrior,10/11/2013,PC (Windows)
Monster Hunter Rise,1/20/2023,"Microsoft Xbox One, Microsoft Xbox Series, PC (Windows)"
Golf With Your Friends,1/29/2016,PC (Windows)
Just Cause 2,3/23/2010,PC (Windows)
Overlord: Raising Hell,2/15/2008,PC (Windows)
Stranger Things 3: The Game,7/4/2019,PC (Windows)
Peggle 2,12/9/2013,"Microsoft Xbox One, Microsoft Xbox Series"
PAYDAY: The Heist,10/18/2011,PC (Windows)
Street Racing Syndicate,8/17/2004,PC (Windows)
Destroy All Humans!,4/29/2021,PC (Windows)
Mad Tracks,4/9/2010,"Microsoft Xbox 360, Microsoft Xbox One, Microsoft Xbox Series"
"TC's RainbowSix Vegas2",10/6/2009,"Microsoft Xbox 360, Microsoft Xbox One, Microsoft Xbox Series"
PAW Patrol Mighty Pups Save Adventure Bay,11/6/2020,"Microsoft Xbox One, Microsoft Xbox Series, PC (Windows)"
STEEP,12/1/2016,PC (Windows)
The Flame In The Flood,2/24/2016,PC (Windows)
Pupperazzi,1/20/2022,"Microsoft Xbox One, Microsoft Xbox Series, PC (Windows)"
"King's Bounty: Warriors of the North",10/25/2012,PC (Windows)
Anodyne 2: Return to Dust,8/12/2019,PC (Windows)
The Elder Scrolls IV: Oblivion - Game of the Year Edition Deluxe,6/16/2009,PC (Windows)
Red Dead Redemption,12/21/2010,"Microsoft Xbox 360, Microsoft Xbox One, Microsoft Xbox Series"
Battlefield Hardline Beta - 2014,,PC (Windows)
Shock Troopers: 2nd Squad,11/5/1998,PC (Windows)
RESIDENT EVIL 5,3/29/2010,Microsoft Xbox 360
Guitar Hero II,1/1/2008,Microsoft Xbox 360
Take On Helicopters,9/4/2011,PC (Windows)
Stargunner,12/31/1982,PC (Windows)
BioShock Remastered,9/14/2016,PC (Windows)
SCP: Secret Laboratory,12/28/2017,PC (Windows)
Crazy Machines,10/1/2005,PC (Windows)
Dishonored - Definitive Edition,10/8/2013,PC (Windows)
"Dr. Langeskov, The Tiger, and The Terribly Cursed Emerald: A Whirlwind Heist",12/4/2015,PC (Windows)
Stikbold! A Dodgeball Adventure,4/1/2016,PC (Windows)
Wargame: Red Dragon,3/4/2014,PC (Windows)
Starbound,7/22/2016,PC (Windows)
Alan Wake,5/14/2010,PC (Windows)
Fort Triumph,4/16/2020,PC (Windows)
Command and Conquer: Red Alert 3 - Uprising,3/12/2009,PC (Windows)
Dagon: by H. P. Lovecraft,,PC (Windows)
PAW Patrol: Grand Prix,9/30/2022,"Microsoft Xbox One, Microsoft Xbox Series, PC (Windows)"
Game Room,3/24/2010,Microsoft Xbox 360
Terraria,5/16/2011,PC (Windows)
Boomerang Fu,8/13/2020,PC (Windows)
Crysis 2 Maximum Edition,3/22/2011,PC (Windows)
The King of Fighters 2002,1/10/2002,PC (Windows)
"Sid Meier's Civilization IV",10/25/2005,PC (Windows)
Borderlands,10/19/2010,"Microsoft Xbox 360, Microsoft Xbox One, Microsoft Xbox Series"
Shank 2,2/7/2012,
Hacker Evolution,7/5/2007,PC (Windows)
PAW Patrol The Movie: Adventure City Calls,8/13/2021,"Microsoft Xbox One, Microsoft Xbox Series, PC (Windows)"
Fable II,4/6/2010,"Microsoft Xbox 360, Microsoft Xbox One, Microsoft Xbox Series"
"Doomdark's Revenge",12/31/1985,PC (Windows)
"Discovery Tour by Assassin's Creed: Ancient Egypt",2/20/2018,PC (Windows)
SpaceChem,1/1/2011,PC (Windows)
Tengami,10/27/2014,PC (Windows)
Team Fortress 2,10/9/2007,PC (Windows)
Burnout Paradise The Ultimate Box,2/3/2009,PC (Windows)
Call of Duty: WaW,9/21/2010,"Microsoft Xbox 360, Microsoft Xbox One, Microsoft Xbox Series"
Crysis 2 Maximum Edition,3/22/2011,PC (Windows)
The Sims 4,11/17/2017,"Microsoft Xbox One, Microsoft Xbox Series"
Company of Heroes: Opposing Fronts,9/25/2007,PC (Windows)
Hektor,3/13/2015,PC (Windows)
Pacific Storm: Allies,7/1/2008,PC (Windows)
Peggle,3/11/2009,"Microsoft Xbox 360, Microsoft Xbox One, Microsoft Xbox Series"
You Suck at Parking,9/14/2022,"Microsoft Xbox One, Microsoft Xbox Series, PC (Windows)"
No Time To Explain,5/17/2016,"Microsoft Xbox One, Microsoft Xbox Series"
Left 4 Dead,11/17/2008,PC (Windows)
This Is the Police,7/27/2016,PC (Windows)
TUNIC,3/16/2022,"Microsoft Xbox One, Microsoft Xbox Series, PC (Windows)"
Castle Crashers,8/27/2008,PC (Windows)
Psychonauts,4/19/2005,PC (Windows)
Golf It!,2/17/2017,PC (Windows)
Serious Sam Fusion 2017 (beta),3/20/2017,PC (Windows)
"10,000,000",2/17/2012,PC (Windows)
Fortix,3/3/2010,PC (Windows)
Defy Gravity,7/25/2011,PC (Windows)
"Alan Wake's American Nightmare",2/22/2012,PC (Windows)
Bionic Dues,10/8/2013,PC (Windows)
Dead Island Retro Revenge,6/1/2016,PC (Windows)
Trove,7/5/2015,PC (Windows)
Mutazione,9/19/2019,PC (Windows)
Conan Exiles,5/8/2018,"Microsoft Xbox One, Microsoft Xbox Series, PC (Windows)"
Crash Time 2,11/27/2008,PC (Windows)
Crazy Machines 2,6/20/2008,PC (Windows)
Daggerfall Unity - GOG Cut,,PC (Windows)
10 Second Ninja X,7/19/2016,PC (Windows)
Modern Warfare,9/21/2010,"Microsoft Xbox 360, Microsoft Xbox One, Microsoft Xbox Series"
GTA IV PC,2/12/2008,Microsoft Xbox 360
Mass Effect: Andromeda,3/21/2017,PC (Windows)
Blind Fate: Edo no Yami - Dojo,,PC (Windows)
Frozen Synapse,5/26/2011,PC (Windows)
Genshin Impact,9/28/2020,PC (Windows)
Insurmountable,4/29/2021,PC (Windows)
FUEL,6/2/2009,PC (Windows)
while True: learn(),,PC (Windows)
The Vanishing of Ethan Carter,9/25/2014,PC (Windows)
Hundred Days - Winemaking Simulator,5/13/2021,PC (Windows)
Battlefield 3,10/25/2011,PC (Windows)
Warsow,10/8/2012,PC (Windows)
State of Decay 2: Juggernaut Edition,5/22/2018,"Microsoft Xbox One, Microsoft Xbox Series, PC (Windows)"
Theme Hospital,2/4/1997,PC (Windows)
Takedown: Red Sabre,9/20/2013,PC (Windows)
Saints Row IV,8/19/2013,PC (Windows)
Overlord II,6/23/2009,PC (Windows)
Riverbond,6/9/2019,PC (Windows)
Blasphemous,9/10/2019,PC (Windows)
Clustertruck,9/27/2016,PC (Windows)
Operation Flashpoint: Red River,4/21/2011,PC (Windows)
Afterfall InSanity - Dirty Arena Edition,5/9/2013,PC (Windows)
Teamfight Tactics,6/26/2019,PC (Windows)
Halo 4,11/6/2012,"Microsoft Xbox 360, Microsoft Xbox One, Microsoft Xbox Series"
Umurangi Generation Special Edition,5/17/2022,"Microsoft Xbox One, Microsoft Xbox Series, PC (Windows)"
Really Big Sky,2/24/2012,PC (Windows)
Thief,2/25/2014,PC (Windows)
Quake II RTX,6/6/2019,PC (Windows)
Lightmatter,1/15/2020,PC (Windows)
Sinless,12/16/2015,PC (Windows)
"Mirror's Edge",11/11/2008,PC (Windows)
Kane & Lynch 2: Dog Days,8/17/2010,PC (Windows)
Dying Light,1/26/2015,PC (Windows)
Fallout 4,11/9/2015,PC (Windows)
Watch Dogs2,11/15/2016,"Microsoft Xbox One, Microsoft Xbox Series"
Darkwood,8/17/2017,PC (Windows)
"Sid Meier's Civilization VI",10/20/2016,PC (Windows)
VRChat,2/1/2017,PC (Windows)
"Hamilton's Great Adventure",5/31/2011,PC (Windows)
Supraland,,PC (Windows)
Chivalry: Medieval Warfare,10/16/2012,PC (Windows)
Killing Floor 2,11/18/2016,PC (Windows)
Bloop,1/16/2015,PC (Windows)
Populous,6/5/1989,PC (Windows)
F.I.S.T.: Forged In Shadow Torch,9/7/2021,PC (Windows)
Dead Island: Epidemic,11/20/2014,PC (Windows)
ARK: Survival Of The Fittest,3/15/2016,PC (Windows)
Grounded,9/27/2022,"Microsoft Xbox One, Microsoft Xbox Series, PC (Windows)"
Cities in Motion 2,4/2/2013,PC (Windows)
Dead Pixels,12/4/2012,PC (Windows)
A Memoir Blue,3/24/2022,"Microsoft Xbox One, Microsoft Xbox Series, PC (Windows)"
Grand Theft Auto V,4/20/2018,PC (Windows)
Teleglitch: Die More Edition,11/22/2012,PC (Windows)
BioShock,8/6/2009,"Microsoft Xbox 360, Microsoft Xbox One, Microsoft Xbox Series"
Tales from the Borderlands,11/25/2014,PC (Windows)
Clicker Heroes,3/10/2017,Microsoft Xbox One
Dead Island Definitive Edition,5/31/2016,PC (Windows)
Serious Sam 4,12/7/2021,PC (Windows)
Mercenaries 2,6/16/2010,Microsoft Xbox 360
Pulstar,7/6/2017,PC (Windows)
Gun Monkeys,6/28/2013,PC (Windows)
Turtles In Time RS,8/5/2009,Microsoft Xbox 360
Halo 5: Guardians,10/27/2015,"Microsoft Xbox One, Microsoft Xbox Series"
WATCH_DOGS 2,11/15/2016,PC (Windows)
Firewatch,9/21/2016,"Microsoft Xbox One, Microsoft Xbox Series, PC (Windows)"
AdVenture Capitalist,5/30/2014,PC (Windows)
The Mighty Quest For Epic Loot,2/5/2015,PC (Windows)
Army of Two,10/20/2009,"Microsoft Xbox 360, Microsoft Xbox One, Microsoft Xbox Series"
Our Life: Beginnings & Always,11/16/2020,PC (Windows)
Fight Night Round 4,7/3/2010,Microsoft Xbox 360
Blazing Star,1/19/1998,PC (Windows)
Sin Slayers: The First Sin,4/11/2019,PC (Windows)
Alien Swarm,7/10/2010,PC (Windows)
The King of Fighters 2002 Unlimited Match,2/26/2009,PC (Windows)
Darksiders,1/5/2010,PC (Windows)
Zuma,10/3/2005,"Microsoft Xbox 360, Microsoft Xbox One, Microsoft Xbox Series"
Surviving Mars,3/15/2018,PC (Windows)
Child of Light,4/29/2014,PC (Windows)
Titan Souls,4/14/2015,PC (Windows)
Majesty Gold HD,3/31/2001,PC (Windows)
FaeVerse Alchemy,4/2/2014,PC (Windows)
Stealth Bastard Deluxe,11/4/2011,PC (Windows)
Damnation,5/22/2009,PC (Windows)
Switchcars,3/4/2016,PC (Windows)
Joe Danger 2: The Movie,9/14/2012,PC (Windows)
The Sims 2 Ultimate Collection,7/13/2014,PC (Windows)
"Clive Barker's Jericho",10/23/2007,PC (Windows)
Somerville,11/15/2022,"Microsoft Xbox One, Microsoft Xbox Series, PC (Windows)"
